source,target
0,8
0,10
0,12
0,14
0,20
0,21
0,28
0,31
0,49
0,52
0,73
0,77
0,82
0,84
0,100
0,104
0,128
0,139
0,158
0,164
0,169
0,175
0,182
0,196
0,202
0,203
0,207
0,224
0,227
0,234
0,240
0,253
0,257
0,263
0,264
0,265
0,270
0,272
0,274
0,283
0,288
0,290
0,297
1,2
1,16
1,26
1,33
1,43
1,64
1,87
1,96
1,106
1,107
1,115
1,125
1,136
1,146
1,149
1,156
1,161
1,176
1,177
1,181
1,192
1,195
1,207
1,217
1,219
1,220
1,234
1,237
1,240
1,254
1,256
1,257
1,262
1,275
1,279
1,284
2,6
2,13
2,26
2,27
2,29
2,37
2,38
2,43
2,47
2,56
2,60
2,62
2,63
2,65
2,66
2,68
2,70
2,80
2,81
2,96
2,108
2,113
2,115
2,117
2,136
2,149
2,151
2,152
2,161
2,162
2,166
2,176
2,177
2,181
2,186
2,188
2,198
2,202
2,210
2,216
2,217
2,220
2,230
2,231
2,233
2,237
2,240
2,242
2,243
2,244
2,245
2,246
2,252
2,257
2,258
2,262
2,278
2,284
2,285
2,294
3,50
3,51
3,54
3,62
3,74
3,79
3,93
3,94
3,98
3,108
3,114
3,115
3,125
3,131
3,148
3,149
3,152
3,154
3,171
3,181
3,192
3,196
3,197
3,207
3,216
3,221
3,235
3,239
3,242
3,244
3,248
3,250
3,258
3,274
3,296
4,13
4,15
4,16
4,17
4,20
4,54
4,58
4,61
4,71
4,74
4,78
4,90
4,115
4,116
4,136
4,145
4,184
4,208
4,217
4,281
4,292
5,15
5,35
5,49
5,57
5,72
5,73
5,83
5,91
5,95
5,120
5,140
5,148
5,153
5,159
5,187
5,204
5,224
5,267
5,272
5,273
5,290
6,17
6,38
6,59
6,62
6,63
6,65
6,66
6,67
6,70
6,80
6,101
6,106
6,111
6,117
6,122
6,144
6,149
6,152
6,157
6,194
6,195
6,206
6,207
6,210
6,217
6,221
6,231
6,237
6,242
6,244
6,245
6,246
6,248
6,249
6,252
6,256
6,287
6,294
7,12
7,31
7,47
7,48
7,49
7,50
7,52
7,59
7,60
7,66
7,70
7,81
7,88
7,89
7,121
7,126
7,132
7,140
7,145
7,158
7,160
7,170
7,175
7,183
7,185
7,186
7,189
7,200
7,205
7,211
7,216
7,217
7,225
7,226
7,235
7,237
7,242
7,244
7,245
7,278
7,289
7,291
7,296
7,299
8,10
8,12
8,14
8,20
8,24
8,33
8,52
8,64
8,69
8,72
8,73
8,78
8,81
8,87
8,91
8,95
8,100
8,104
8,107
8,111
8,112
8,116
8,121
8,129
8,132
8,139
8,153
8,158
8,159
8,164
8,175
8,177
8,201
8,202
8,205
8,206
8,225
8,236
8,260
8,266
8,270
8,272
8,274
8,286
8,290
8,291
9,12
9,30
9,31
9,62
9,63
9,72
9,73
9,80
9,107
9,124
9,143
9,147
9,161
9,169
9,176
9,182
9,185
9,193
9,194
9,226
9,234
9,265
9,268
9,275
9,279
9,291
9,295
9,297
10,11
10,12
10,22
10,31
10,42
10,58
10,82
10,83
10,84
10,86
10,87
10,89
10,93
10,100
10,112
10,116
10,121
10,126
10,130
10,139
10,142
10,160
10,163
10,167
10,174
10,179
10,183
10,187
10,190
10,193
10,196
10,200
10,204
10,224
10,225
10,236
10,238
10,241
10,253
10,261
10,263
10,265
10,269
10,270
10,272
10,276
10,281
10,282
10,286
10,287
10,288
10,290
10,292
11,12
11,13
11,22
11,23
11,28
11,35
11,41
11,42
11,43
11,58
11,71
11,78
11,83
11,84
11,91
11,94
11,99
11,100
11,109
11,129
11,133
11,138
11,139
11,145
11,153
11,156
11,168
11,179
11,183
11,184
11,187
11,188
11,193
11,222
11,229
11,230
11,241
11,253
11,261
11,266
11,269
11,276
11,282
11,286
11,292
11,297
12,14
12,20
12,42
12,58
12,77
12,83
12,84
12,89
12,91
12,112
12,121
12,124
12,129
12,139
12,155
12,158
12,160
12,161
12,169
12,174
12,175
12,183
12,189
12,190
12,203
12,205
12,208
12,218
12,230
12,238
12,241
12,260
12,261
12,267
12,269
12,281
12,292
13,14
13,20
13,27
13,57
13,61
13,78
13,94
13,98
13,112
13,129
13,130
13,148
13,158
13,169
13,179
13,184
13,188
13,196
13,202
13,217
13,222
13,223
13,244
13,247
13,273
13,277
13,282
13,283
13,288
13,292
13,296
14,17
14,18
14,20
14,35
14,36
14,49
14,52
14,69
14,76
14,82
14,89
14,100
14,104
14,107
14,121
14,124
14,128
14,130
14,139
14,146
14,155
14,158
14,160
14,164
14,167
14,175
14,183
14,208
14,212
14,233
14,236
14,241
14,247
14,251
14,260
14,270
14,273
14,274
15,19
15,21
15,35
15,61
15,81
15,82
15,83
15,86
15,91
15,110
15,116
15,148
15,169
15,208
15,224
15,227
15,247
15,251
15,255
15,261
15,266
15,267
15,270
15,272
15,292
16,28
16,38
16,41
16,43
16,44
16,67
16,71
16,87
16,89
16,92
16,106
16,107
16,111
16,146
16,149
16,176
16,177
16,178
16,185
16,194
16,212
16,217
16,219
16,220
16,227
16,233
16,234
16,238
16,242
16,276
16,281
16,287
16,290
16,295
17,19
17,20
17,27
17,29
17,37
17,42
17,49
17,50
17,54
17,55
17,56
17,58
17,65
17,67
17,70
17,76
17,81
17,88
17,89
17,91
17,93
17,96
17,97
17,106
17,118
17,123
17,124
17,131
17,136
17,138
17,140
17,146
17,149
17,156
17,157
17,166
17,168
17,169
17,174
17,180
17,184
17,195
17,210
17,216
17,224
17,228
17,229
17,233
17,237
17,246
17,249
17,258
17,268
17,278
17,285
18,28
18,33
18,35
18,61
18,89
18,112
18,118
18,129
18,155
18,161
18,175
18,183
18,184
18,212
18,227
18,236
18,240
18,241
18,247
18,251
18,260
18,264
18,288
18,297
19,36
19,55
19,61
19,62
19,65
19,76
19,81
19,96
19,97
19,98
19,103
19,140
19,146
19,150
19,156
19,157
19,166
19,176
19,180
19,186
19,187
19,192
19,199
19,201
19,206
19,208
19,216
19,230
19,232
19,247
19,251
19,254
19,285
20,21
20,28
20,34
20,49
20,50
20,52
20,58
20,61
20,72
20,83
20,84
20,86
20,88
20,89
20,91
20,92
20,95
20,112
20,121
20,124
20,128
20,129
20,130
20,139
20,143
20,148
20,153
20,158
20,159
20,163
20,169
20,174
20,175
20,179
20,187
20,190
20,202
20,203
20,224
20,225
20,227
20,236
20,241
20,253
20,257
20,261
20,264
20,265
20,266
20,267
20,270
20,281
20,282
20,286
20,288
20,289
20,298
21,41
21,49
21,50
21,57
21,58
21,82
21,83
21,88
21,107
21,112
21,118
21,121
21,126
21,138
21,148
21,156
21,174
21,179
21,184
21,196
21,199
21,202
21,236
21,247
21,261
21,263
21,265
21,267
21,269
21,270
21,273
21,283
21,286
21,288
22,23
22,32
22,35
22,42
22,55
22,63
22,75
22,76
22,88
22,89
22,93
22,98
22,99
22,115
22,134
22,137
22,141
22,156
22,168
22,180
22,209
22,223
22,229
22,269
22,276
22,295
23,40
23,42
23,46
23,47
23,50
23,51
23,54
23,55
23,58
23,75
23,85
23,98
23,109
23,115
23,136
23,137
23,168
23,178
23,191
23,198
23,208
23,215
23,228
23,230
23,256
23,258
23,269
23,285
24,26
24,27
24,37
24,47
24,48
24,51
24,52
24,59
24,67
24,68
24,69
24,87
24,95
24,111
24,135
24,139
24,147
24,149
24,151
24,152
24,161
24,172
24,175
24,177
24,180
24,186
24,188
24,191
24,198
24,210
24,211
24,213
24,217
24,225
24,233
24,234
24,235
24,238
24,242
24,246
24,248
24,254
24,274
24,275
24,276
24,279
24,280
24,284
24,293
24,299
25,31
25,38
25,44
25,51
25,57
25,66
25,67
25,69
25,71
25,74
25,82
25,84
25,87
25,98
25,115
25,117
25,125
25,126
25,154
25,156
25,158
25,161
25,162
25,174
25,184
25,185
25,190
25,199
25,205
25,210
25,231
25,233
25,234
25,244
25,246
25,247
25,251
25,271
25,274
25,277
25,283
26,29
26,34
26,42
26,48
26,54
26,65
26,68
26,74
26,96
26,101
26,109
26,111
26,115
26,122
26,143
26,144
26,146
26,151
26,154
26,157
26,161
26,172
26,176
26,188
26,196
26,198
26,199
26,201
26,206
26,211
26,220
26,233
26,239
26,240
26,243
26,244
26,245
26,250
26,254
26,262
26,268
26,283
26,287
26,289
26,291
26,294
26,299
27,43
27,65
27,66
27,76
27,80
27,90
27,115
27,122
27,127
27,133
27,134
27,136
27,149
27,156
27,157
27,162
27,186
27,188
27,190
27,198
27,206
27,210
27,217
27,232
27,235
27,237
27,242
27,244
27,246
27,248
27,249
27,252
27,268
27,271
27,285
28,34
28,51
28,55
28,59
28,67
28,74
28,91
28,92
28,104
28,107
28,111
28,116
28,124
28,129
28,133
28,139
28,149
28,161
28,167
28,169
28,174
28,176
28,207
28,216
28,231
28,234
28,237
28,244
28,248
28,254
28,261
28,264
28,267
28,268
28,279
28,282
28,287
28,288
28,295
29,37
29,54
29,56
29,59
29,96
29,136
29,149
29,181
29,185
29,186
29,192
29,195
29,199
29,206
29,210
29,219
29,237
29,239
29,245
29,276
29,285
29,291
29,293
30,31
30,44
30,52
30,63
30,69
30,74
30,124
30,134
30,158
30,185
30,194
30,220
30,223
30,225
30,226
30,232
30,243
30,251
30,256
30,260
30,271
30,272
30,283
30,287
30,289
31,38
31,61
31,68
31,74
31,95
31,106
31,111
31,115
31,122
31,146
31,154
31,160
31,164
31,175
31,185
31,197
31,201
31,204
31,225
31,235
31,242
31,245
31,252
31,260
31,268
31,281
31,283
31,287
31,297
32,41
32,55
32,63
32,75
32,76
32,79
32,92
32,98
32,103
32,108
32,109
32,117
32,127
32,131
32,137
32,138
32,141
32,156
32,157
32,165
32,166
32,171
32,173
32,178
32,179
32,184
32,191
32,209
32,212
32,216
32,222
32,229
32,252
32,263
32,269
32,276
32,278
32,285
32,292
33,37
33,38
33,49
33,77
33,84
33,96
33,110
33,126
33,130
33,139
33,147
33,161
33,163
33,164
33,170
33,175
33,182
33,186
33,189
33,190
33,194
33,203
33,205
33,206
33,227
33,254
33,260
33,279
33,281
33,283
33,291
33,295
34,37
34,38
34,42
34,62
34,64
34,91
34,103
34,111
34,143
34,164
34,180
34,186
34,199
34,201
34,206
34,212
34,233
34,238
34,239
34,251
34,257
34,261
34,262
34,265
34,267
34,270
34,278
34,287
34,290
34,291
34,298
35,36
35,50
35,58
35,61
35,71
35,75
35,86
35,89
35,100
35,107
35,108
35,112
35,121
35,124
35,126
35,137
35,153
35,155
35,160
35,164
35,166
35,167
35,169
35,174
35,178
35,179
35,183
35,184
35,187
35,202
35,209
35,218
35,229
35,241
35,242
35,247
35,260
35,261
35,273
35,290
36,61
36,75
36,81
36,83
36,88
36,89
36,96
36,97
36,98
36,103
36,121
36,128
36,137
36,140
36,146
36,156
36,159
36,160
36,167
36,176
36,178
36,184
36,187
36,192
36,200
36,208
36,218
36,223
36,224
36,230
36,245
36,248
36,259
36,261
36,266
36,296
37,56
37,59
37,62
37,63
37,69
37,70
37,73
37,74
37,80
37,96
37,103
37,108
37,111
37,113
37,120
37,126
37,140
37,149
37,164
37,176
37,180
37,181
37,186
37,197
37,231
37,235
37,237
37,240
37,242
37,245
37,248
37,256
37,262
37,271
37,275
37,280
37,281
37,284
37,285
37,287
37,291
38,44
38,48
38,64
38,66
38,83
38,87
38,101
38,103
38,104
38,106
38,111
38,119
38,122
38,124
38,132
38,146
38,149
38,153
38,154
38,158
38,164
38,176
38,177
38,185
38,190
38,192
38,194
38,199
38,201
38,203
38,205
38,210
38,211
38,212
38,220
38,233
38,238
38,239
38,243
38,244
38,259
38,260
38,262
38,265
38,271
38,275
38,283
38,289
38,291
38,294
39,86
39,95
39,116
39,124
39,139
39,155
39,172
39,208
39,224
39,263
39,266
39,267
39,273
39,277
39,281
39,282
40,42
40,50
40,55
40,58
40,78
40,97
40,122
40,135
40,137
40,138
40,168
40,169
40,174
40,208
40,214
40,222
40,229
40,255
40,265
40,268
40,276
40,282
40,296
41,50
41,58
41,67
41,74
41,78
41,82
41,83
41,86
41,91
41,92
41,93
41,108
41,112
41,117
41,124
41,130
41,137
41,138
41,139
41,148
41,150
41,153
41,156
41,159
41,161
41,165
41,166
41,171
41,196
41,199
41,212
41,222
41,224
41,229
41,230
41,241
41,255
41,266
41,267
41,269
41,270
41,276
41,292
42,46
42,50
42,55
42,59
42,75
42,78
42,85
42,89
42,93
42,97
42,98
42,101
42,103
42,115
42,119
42,133
42,136
42,137
42,146
42,156
42,174
42,178
42,179
42,181
42,191
42,192
42,195
42,198
42,200
42,211
42,212
42,213
42,223
42,228
42,230
42,239
42,251
42,271
42,291
42,296
43,48
43,51
43,54
43,59
43,60
43,62
43,63
43,65
43,66
43,80
43,87
43,101
43,105
43,117
43,136
43,146
43,149
43,152
43,162
43,172
43,176
43,177
43,181
43,192
43,195
43,196
43,198
43,216
43,217
43,219
43,231
43,235
43,237
43,239
43,244
43,250
43,254
43,256
43,262
43,271
43,280
43,284
43,291
43,294
44,47
44,64
44,69
44,80
44,82
44,85
44,87
44,95
44,99
44,104
44,106
44,111
44,115
44,122
44,143
44,149
44,154
44,164
44,175
44,177
44,185
44,186
44,190
44,203
44,212
44,220
44,227
44,231
44,233
44,234
44,243
44,244
44,246
44,249
44,250
44,255
44,259
44,262
44,265
44,268
44,281
44,283
44,284
44,294
45,53
45,66
45,80
45,105
45,110
45,115
45,132
45,142
45,177
45,232
45,250
45,298
46,82
46,86
46,98
46,108
46,112
46,133
46,150
46,166
46,208
46,215
46,227
46,228
46,288
46,293
46,296
47,48
47,60
47,67
47,74
47,80
47,96
47,101
47,111
47,115
47,117
47,122
47,125
47,135
47,149
47,151
47,152
47,165
47,166
47,168
47,177
47,178
47,180
47,181
47,186
47,188
47,194
47,198
47,211
47,215
47,217
47,235
47,240
47,242
47,243
47,246
47,248
47,256
47,257
47,271
47,275
47,294
47,299
48,51
48,59
48,66
48,67
48,68
48,69
48,74
48,92
48,101
48,109
48,116
48,122
48,125
48,127
48,144
48,147
48,150
48,151
48,152
48,161
48,162
48,170
48,173
48,176
48,177
48,191
48,198
48,213
48,217
48,235
48,238
48,240
48,242
48,243
48,254
48,280
48,284
48,285
48,299
49,50
49,52
49,76
49,84
49,87
49,89
49,92
49,107
49,119
49,126
49,130
49,175
49,185
49,205
49,206
49,224
49,225
49,227
49,262
49,265
49,266
49,268
49,272
49,279
50,52
50,78
50,83
50,85
50,89
50,91
50,93
50,121
50,125
50,128
50,141
50,153
50,159
50,168
50,174
50,179
50,184
50,187
50,202
50,208
50,214
50,221
50,230
50,255
50,261
50,267
50,268
50,270
50,271
50,273
50,277
50,282
50,286
50,288
50,296
50,299
51,54
51,56
51,59
51,62
51,70
51,71
51,80
51,87
51,101
51,102
51,115
51,135
51,136
51,149
51,151
51,152
51,154
51,158
51,170
51,181
51,183
51,192
51,195
51,207
51,210
51,211
51,215
51,216
51,217
51,219
51,226
51,231
51,232
51,235
51,237
51,240
51,242
51,248
51,249
51,252
51,256
51,299
52,69
52,73
52,89
52,91
52,95
52,106
52,107
52,111
52,124
52,130
52,132
52,158
52,159
52,164
52,186
52,203
52,205
52,225
52,236
52,260
52,270
52,280
52,289
52,290
53,55
53,75
53,94
53,111
53,115
53,118
53,125
53,152
53,197
53,223
53,229
53,271
53,295
53,299
54,56
54,60
54,62
54,63
54,65
54,66
54,68
54,74
54,105
54,108
54,114
54,115
54,122
54,135
54,136
54,141
54,144
54,149
54,152
54,161
54,165
54,176
54,177
54,178
54,181
54,184
54,188
54,191
54,194
54,195
54,198
54,199
54,201
54,210
54,211
54,219
54,228
54,231
54,232
54,235
54,239
54,240
54,242
54,243
54,245
54,248
54,252
54,256
54,262
54,268
54,276
54,284
54,285
54,287
54,291
54,294
54,297
55,66
55,67
55,75
55,76
55,89
55,92
55,93
55,98
55,99
55,118
55,122
55,127
55,133
55,139
55,141
55,169
55,172
55,173
55,209
55,223
55,229
55,254
55,268
55,271
55,277
55,278
55,279
55,285
55,287
56,62
56,63
56,65
56,70
56,75
56,80
56,93
56,102
56,105
56,111
56,118
56,123
56,131
56,134
56,136
56,141
56,143
56,144
56,149
56,161
56,164
56,178
56,181
56,186
56,198
56,206
56,228
56,231
56,242
56,250
56,262
56,280
56,284
56,291
57,64
57,72
57,84
57,90
57,91
57,116
57,128
57,139
57,155
57,158
57,189
57,190
57,201
57,204
57,247
57,264
57,267
57,277
57,282
58,72
58,73
58,76
58,78
58,82
58,89
58,91
58,95
58,112
58,119
58,124
58,129
58,133
58,138
58,139
58,142
58,148
58,153
58,159
58,160
58,163
58,166
58,167
58,168
58,169
58,174
58,179
58,193
58,208
58,211
58,212
58,222
58,224
58,229
58,237
58,238
58,241
58,259
58,266
58,267
58,269
58,270
58,273
58,276
58,281
58,282
58,285
58,286
58,290
58,292
59,62
59,66
59,70
59,74
59,75
59,113
59,115
59,127
59,144
59,149
59,156
59,157
59,178
59,180
59,181
59,185
59,195
59,210
59,216
59,217
59,228
59,231
59,237
59,245
59,246
59,248
59,254
59,296
60,66
60,68
60,74
60,105
60,108
60,114
60,115
60,136
60,149
60,151
60,152
60,177
60,192
60,211
60,219
60,231
60,234
60,239
60,240
60,249
60,257
60,271
60,275
60,280
60,283
60,284
60,285
60,294
60,299
61,78
61,82
61,89
61,94
61,97
61,98
61,100
61,112
61,116
61,124
61,128
61,130
61,137
61,138
61,139
61,160
61,167
61,174
61,175
61,176
61,179
61,182
61,184
61,187
61,200
61,204
61,208
61,209
61,221
61,236
61,247
61,261
61,273
61,286
61,288
61,292
61,295
62,65
62,70
62,72
62,73
62,80
62,94
62,97
62,105
62,108
62,111
62,114
62,117
62,120
62,125
62,140
62,144
62,147
62,151
62,154
62,157
62,161
62,170
62,174
62,177
62,181
62,183
62,186
62,190
62,192
62,196
62,197
62,198
62,206
62,210
62,212
62,216
62,219
62,228
62,231
62,232
62,235
62,237
62,240
62,242
62,244
62,246
62,248
62,249
62,254
62,256
62,258
62,271
62,279
62,284
62,285
62,293
63,65
63,81
63,106
63,108
63,109
63,135
63,149
63,165
63,166
63,181
63,198
63,215
63,227
63,228
63,237
63,252
63,258
63,260
63,271
63,276
63,291
63,299
64,69
64,107
64,115
64,125
64,146
64,161
64,176
64,185
64,189
64,192
64,193
64,196
64,199
64,201
64,203
64,207
64,233
64,234
64,243
64,249
64,257
64,275
64,291
64,294
65,70
65,80
65,81
65,96
65,105
65,109
65,113
65,115
65,123
65,140
65,141
65,151
65,161
65,162
65,170
65,171
65,181
65,186
65,192
65,195
65,197
65,206
65,231
65,234
65,245
65,271
65,272
65,285
65,291
66,68
66,74
66,88
66,101
66,106
66,109
66,113
66,119
66,122
66,133
66,136
66,144
66,161
66,176
66,181
66,191
66,195
66,198
66,210
66,216
66,217
66,237
66,238
66,240
66,242
66,248
66,251
66,275
66,279
66,285
66,291
66,294
66,297
66,299
67,74
67,93
67,98
67,106
67,108
67,111
67,113
67,117
67,122
67,125
67,129
67,137
67,141
67,144
67,149
67,151
67,154
67,156
67,162
67,174
67,188
67,191
67,195
67,210
67,211
67,212
67,219
67,228
67,233
67,235
67,237
67,242
67,244
67,246
67,257
67,268
67,271
67,275
67,287
67,293
67,294
67,299
68,69
68,109
68,122
68,123
68,151
68,161
68,175
68,188
68,191
68,213
68,216
68,233
68,234
68,235
68,238
68,239
68,240
68,243
68,257
69,80
69,90
69,111
69,119
69,125
69,143
69,154
69,164
69,172
69,176
69,182
69,183
69,185
69,188
69,189
69,190
69,193
69,198
69,199
69,203
69,212
69,219
69,220
69,226
69,227
69,233
69,234
69,235
69,256
69,260
69,262
69,265
69,283
69,284
69,291
69,293
69,297
70,74
70,75
70,80
70,88
70,96
70,105
70,106
70,113
70,115
70,122
70,123
70,149
70,151
70,157
70,170
70,176
70,178
70,181
70,188
70,190
70,195
70,206
70,210
70,216
70,217
70,224
70,229
70,231
70,235
70,237
70,240
70,242
70,243
70,244
70,245
70,248
70,254
70,256
70,257
70,262
70,271
70,280
70,293
70,294
71,74
71,78
71,83
71,86
71,101
71,103
71,105
71,110
71,148
71,172
71,184
71,187
71,195
71,196
71,202
71,207
71,217
71,243
71,244
71,248
71,253
71,265
71,274
72,95
72,100
72,112
72,120
72,151
72,158
72,164
72,170
72,174
72,187
72,197
72,263
72,274
73,76
73,84
73,91
73,95
73,105
73,108
73,112
73,113
73,124
73,126
73,132
73,148
73,153
73,159
73,165
73,175
73,224
73,225
73,235
73,240
73,242
73,246
73,259
73,261
73,267
73,272
73,281
74,96
74,102
74,105
74,108
74,109
74,113
74,115
74,117
74,122
74,125
74,127
74,134
74,137
74,144
74,149
74,156
74,157
74,165
74,177
74,178
74,180
74,216
74,231
74,235
74,237
74,240
74,242
74,243
74,245
74,249
74,252
74,256
74,268
74,271
74,277
74,280
74,284
74,299
75,76
75,78
75,79
75,85
75,88
75,89
75,96
75,97
75,98
75,108
75,113
75,118
75,133
75,137
75,138
75,141
75,156
75,162
75,166
75,167
75,173
75,178
75,191
75,200
75,213
75,217
75,221
75,223
75,229
75,251
75,295
76,83
76,88
76,89
76,90
76,92
76,100
76,112
76,124
76,126
76,128
76,146
76,147
76,156
76,159
76,160
76,166
76,189
76,203
76,204
76,206
76,208
76,212
76,218
76,227
76,234
76,261
76,265
76,273
76,276
76,279
76,284
76,285
76,296
77,82
77,83
77,96
77,110
77,120
77,132
77,134
77,135
77,139
77,151
77,164
77,169
77,175
77,177
77,183
77,190
77,202
77,203
77,212
77,217
77,232
77,234
77,241
77,242
77,252
77,260
77,264
77,274
77,279
77,283
77,290
77,295
78,90
78,98
78,100
78,112
78,137
78,156
78,158
78,169
78,179
78,184
78,191
78,202
78,222
78,247
78,256
78,261
78,263
78,267
78,269
78,270
78,276
78,277
78,288
79,98
79,118
79,127
79,131
79,141
79,182
79,184
79,221
79,247
79,269
79,292
80,96
80,101
80,113
80,115
80,117
80,122
80,154
80,156
80,177
80,181
80,185
80,217
80,220
80,223
80,225
80,231
80,232
80,237
80,243
80,250
80,251
80,256
80,271
80,276
80,284
80,285
80,291
81,88
81,96
81,97
81,98
81,99
81,115
81,124
81,127
81,140
81,141
81,146
81,147
81,178
81,186
81,200
81,218
81,230
81,243
81,245
81,262
81,266
81,287
81,291
82,83
82,86
82,89
82,91
82,100
82,112
82,129
82,130
82,139
82,155
82,167
82,169
82,174
82,185
82,187
82,203
82,204
82,212
82,224
82,227
82,230
82,234
82,236
82,241
82,247
82,251
82,259
82,260
82,265
82,268
82,269
82,270
82,272
82,273
82,283
82,286
82,288
83,84
83,86
83,87
83,91
83,107
83,112
83,116
83,121
83,126
83,128
83,139
83,145
83,148
83,159
83,163
83,169
83,173
83,174
83,179
83,187
83,190
83,196
83,205
83,208
83,218
83,220
83,222
83,224
83,247
83,251
83,265
83,266
83,267
83,269
83,270
83,281
83,286
83,289
83,292
83,295
84,90
84,91
84,112
84,116
84,126
84,128
84,148
84,158
84,159
84,175
84,183
84,196
84,204
84,232
84,247
84,259
84,260
84,261
84,267
84,269
84,272
84,274
84,281
84,283
84,286
84,292
85,92
85,96
85,114
85,138
85,141
85,171
85,178
85,200
85,201
85,214
85,229
85,238
85,239
85,255
85,258
85,280
86,88
86,93
86,95
86,98
86,100
86,104
86,121
86,124
86,126
86,128
86,129
86,130
86,139
86,141
86,145
86,148
86,155
86,173
86,174
86,183
86,205
86,209
86,224
86,241
86,251
86,261
86,264
86,269
86,273
86,274
86,292
86,298
87,104
87,107
87,111
87,136
87,142
87,147
87,149
87,158
87,161
87,170
87,176
87,177
87,181
87,185
87,190
87,192
87,195
87,212
87,217
87,219
87,233
87,234
87,239
87,243
87,265
87,268
87,275
87,276
87,279
87,280
87,281
87,283
87,284
87,287
87,291
87,299
88,89
88,92
88,97
88,106
88,109
88,121
88,137
88,138
88,141
88,146
88,156
88,171
88,173
88,201
88,221
88,223
88,224
88,229
88,235
88,237
88,245
88,247
88,249
88,261
88,268
88,277
88,285
88,295
89,92
89,95
89,99
89,100
89,112
89,116
89,121
89,128
89,137
89,139
89,142
89,143
89,145
89,159
89,164
89,167
89,175
89,183
89,184
89,187
89,191
89,203
89,212
89,218
89,223
89,233
89,236
89,241
89,247
89,253
89,259
89,261
89,267
89,269
89,270
89,277
89,286
90,121
90,142
90,160
90,164
90,182
90,184
90,189
90,199
90,205
90,208
90,218
90,226
90,234
90,236
90,259
90,265
90,277
90,279
90,284
91,95
91,104
91,124
91,148
91,153
91,159
91,160
91,184
91,187
91,190
91,201
91,206
91,212
91,218
91,225
91,261
91,266
91,267
91,269
91,270
91,272
91,286
91,289
91,292
91,295
91,298
92,111
92,121
92,130
92,143
92,156
92,161
92,166
92,176
92,206
92,212
92,227
92,233
92,255
92,259
92,285
92,288
93,98
93,100
93,115
93,120
93,129
93,131
93,132
93,134
93,137
93,141
93,156
93,169
93,174
93,179
93,191
93,197
93,209
93,210
93,221
93,223
93,229
93,250
93,274
93,287
94,97
94,114
94,124
94,137
94,138
94,140
94,142
94,148
94,166
94,171
94,184
94,186
94,197
94,209
94,221
94,222
94,236
94,250
94,261
94,298
95,104
95,122
95,153
95,159
95,175
95,184
95,225
95,232
95,236
95,251
95,260
95,267
95,270
95,272
95,274
95,281
95,283
95,286
95,297
96,103
96,105
96,113
96,114
96,115
96,117
96,123
96,131
96,133
96,134
96,140
96,141
96,143
96,144
96,149
96,151
96,171
96,176
96,178
96,180
96,183
96,186
96,197
96,213
96,216
96,228
96,232
96,237
96,239
96,240
96,245
96,248
96,256
96,262
96,264
96,271
96,283
96,284
96,289
96,291
97,98
97,117
97,127
97,133
97,137
97,138
97,140
97,146
97,155
97,163
97,166
97,173
97,174
97,178
97,186
97,187
97,221
97,228
97,230
97,235
97,245
97,249
97,296
98,119
98,128
98,129
98,133
98,137
98,139
98,140
98,152
98,154
98,156
98,166
98,173
98,174
98,178
98,179
98,187
98,191
98,198
98,200
98,209
98,210
98,212
98,215
98,229
98,230
98,247
98,263
98,277
98,292
98,296
99,100
99,111
99,121
99,129
99,139
99,143
99,167
99,169
99,205
99,218
99,227
99,234
99,260
99,265
99,266
99,286
99,288
99,290
99,291
99,295
100,116
100,119
100,121
100,128
100,129
100,139
100,146
100,147
100,155
100,160
100,164
100,167
100,169
100,174
100,175
100,176
100,182
100,203
100,209
100,212
100,218
100,224
100,236
100,238
100,241
100,251
100,259
100,261
100,266
100,274
100,279
100,286
100,287
101,103
101,105
101,123
101,152
101,154
101,156
101,178
101,181
101,186
101,192
101,195
101,210
101,211
101,213
101,217
101,231
101,235
101,239
101,244
101,248
101,250
101,252
101,254
101,256
101,275
101,276
102,105
102,113
102,115
102,118
102,138
102,179
102,198
102,209
102,210
102,223
102,228
102,230
102,231
102,240
102,250
102,252
103,120
103,170
103,176
103,184
103,186
103,192
103,195
103,197
103,199
103,211
103,213
103,214
103,219
103,224
103,228
103,230
103,240
103,245
103,248
103,252
103,259
103,291
104,107
104,112
104,158
104,167
104,175
104,176
104,203
104,205
104,236
104,243
104,288
104,290
105,108
105,109
105,134
105,136
105,165
105,181
105,217
105,222
105,235
105,248
105,252
105,254
105,271
105,284
106,109
106,111
106,113
106,114
106,115
106,122
106,123
106,149
106,150
106,168
106,170
106,178
106,181
106,192
106,194
106,195
106,199
106,207
106,210
106,216
106,220
106,231
106,237
106,242
106,245
106,246
106,248
106,252
106,254
106,268
106,275
106,294
106,299
107,116
107,126
107,128
107,160
107,161
107,164
107,176
107,187
107,194
107,205
107,266
107,275
107,279
107,290
108,115
108,117
108,122
108,125
108,127
108,144
108,149
108,150
108,154
108,165
108,181
108,215
108,228
108,231
108,235
108,242
108,244
108,245
108,246
108,249
108,258
108,271
108,284
108,285
109,122
109,125
109,127
109,144
109,151
109,157
109,165
109,170
109,188
109,192
109,195
109,206
109,207
109,210
109,216
109,217
109,219
109,231
109,234
109,248
109,252
109,256
109,271
109,285
109,299
110,143
110,148
110,154
110,171
110,192
110,217
110,256
111,114
111,115
111,122
111,125
111,149
111,153
111,154
111,164
111,212
111,219
111,234
111,242
111,251
111,262
111,265
111,283
111,287
111,290
111,291
111,294
111,299
112,118
112,124
112,129
112,130
112,145
112,159
112,164
112,167
112,174
112,179
112,184
112,187
112,205
112,208
112,212
112,227
112,247
112,255
112,261
112,264
112,267
112,270
112,272
112,273
112,283
112,288
112,289
112,292
112,295
113,115
113,117
113,122
113,156
113,165
113,176
113,178
113,181
113,194
113,195
113,207
113,210
113,215
113,216
113,220
113,221
113,228
113,235
113,237
113,240
113,242
113,243
113,244
113,245
113,246
113,249
113,252
113,256
113,258
113,262
113,268
113,271
113,284
114,115
114,120
114,122
114,123
114,134
114,135
114,141
114,143
114,171
114,178
114,186
114,195
114,215
114,239
114,240
114,244
114,246
114,254
114,294
114,297
115,123
115,125
115,134
115,144
115,156
115,157
115,162
115,165
115,181
115,188
115,197
115,207
115,219
115,220
115,231
115,235
115,237
115,243
115,244
115,245
115,248
115,249
115,253
115,262
115,271
115,275
115,277
115,280
115,283
115,291
115,297
116,124
116,126
116,128
116,129
116,139
116,146
116,158
116,160
116,164
116,190
116,204
116,212
116,241
116,263
116,270
116,279
116,282
116,286
116,287
117,122
117,125
117,149
117,151
117,152
117,153
117,154
117,156
117,162
117,165
117,174
117,178
117,180
117,211
117,212
117,216
117,220
117,231
117,239
117,243
117,244
117,246
117,249
117,254
117,256
117,258
117,262
117,271
117,284
117,285
117,294
117,296
118,127
118,137
118,138
118,142
118,156
118,168
118,173
118,179
118,221
118,222
118,223
118,228
118,229
118,273
118,277
119,144
119,159
119,160
119,161
119,163
119,172
119,185
119,193
119,211
119,242
119,244
119,257
119,258
119,266
119,268
119,275
119,278
119,279
119,284
119,287
120,126
120,132
120,151
120,164
120,192
120,210
120,214
120,240
120,264
120,272
120,274
121,128
121,137
121,142
121,143
121,145
121,146
121,147
121,160
121,161
121,164
121,179
121,187
121,191
121,196
121,202
121,208
121,212
121,218
121,224
121,247
121,255
121,259
121,261
121,263
121,265
121,266
121,267
121,270
121,273
121,286
121,288
121,290
122,133
122,134
122,138
122,144
122,149
122,152
122,153
122,154
122,156
122,162
122,176
122,177
122,181
122,185
122,217
122,229
122,237
122,239
122,242
122,243
122,244
122,246
122,249
122,252
122,254
122,256
122,268
122,271
122,287
122,294
122,299
123,141
123,197
123,200
123,213
123,235
123,244
123,245
123,249
123,260
123,271
123,272
124,126
124,128
124,129
124,140
124,143
124,148
124,155
124,160
124,166
124,167
124,169
124,174
124,185
124,189
124,204
124,209
124,225
124,229
124,231
124,236
124,238
124,257
124,261
124,270
124,286
124,287
124,289
124,295
124,298
125,144
125,149
125,150
125,151
125,152
125,154
125,157
125,161
125,165
125,168
125,170
125,177
125,178
125,180
125,185
125,188
125,198
125,211
125,215
125,217
125,234
125,240
125,242
125,243
125,246
125,284
125,285
125,294
125,299
126,128
126,142
126,147
126,159
126,161
126,176
126,183
126,202
126,203
126,232
126,234
126,240
126,259
126,265
126,266
126,274
126,275
126,281
126,283
126,286
126,290
126,297
127,136
127,137
127,138
127,141
127,144
127,149
127,150
127,154
127,157
127,181
127,185
127,206
127,221
127,223
127,235
127,240
127,254
127,257
127,278
127,285
128,139
128,146
128,160
128,169
128,174
128,183
128,187
128,208
128,224
128,234
128,236
128,238
128,241
128,251
128,253
128,259
128,261
128,265
128,267
128,270
128,274
128,286
128,289
128,292
128,296
129,139
129,147
129,158
129,169
129,174
129,196
129,201
129,204
129,205
129,209
129,212
129,227
129,229
129,230
129,241
129,245
129,261
129,266
129,268
129,270
129,272
129,286
129,288
129,292
129,295
130,139
130,140
130,145
130,155
130,167
130,173
130,174
130,175
130,179
130,183
130,187
130,193
130,224
130,236
130,265
130,266
130,267
130,273
130,281
130,282
130,290
131,134
131,136
131,137
131,141
131,152
131,171
131,180
131,198
131,221
131,228
131,231
131,250
131,271
131,278
131,280
131,292
131,296
132,134
132,161
132,164
132,186
132,190
132,197
132,203
132,223
132,232
132,235
132,242
132,243
132,258
132,266
132,274
132,289
132,291
133,140
133,162
133,163
133,166
133,169
133,173
133,186
133,210
133,213
133,215
133,228
133,229
133,230
133,237
133,256
133,278
133,296
133,299
134,156
134,162
134,165
134,198
134,219
134,235
134,243
134,256
134,262
134,271
134,284
135,151
135,152
135,166
135,170
135,181
135,192
135,203
135,211
135,215
135,242
135,243
135,245
135,256
135,274
136,149
136,151
136,152
136,156
136,162
136,173
136,177
136,181
136,192
136,195
136,196
136,211
136,216
136,217
136,219
136,226
136,235
136,244
136,248
136,252
136,256
136,257
136,262
136,278
137,138
137,145
137,146
137,156
137,165
137,173
137,178
137,179
137,184
137,191
137,221
137,222
137,228
137,230
137,247
137,250
137,261
137,263
137,276
137,277
137,278
137,296
137,299
138,142
138,166
138,173
138,178
138,179
138,181
138,197
138,221
138,222
138,223
138,228
138,229
138,236
138,237
138,261
138,283
138,298
139,164
139,169
139,175
139,187
139,190
139,193
139,203
139,212
139,218
139,236
139,238
139,241
139,247
139,253
139,260
139,265
139,267
139,268
139,269
139,270
139,282
139,286
139,290
139,297
140,156
140,173
140,174
140,186
140,230
140,232
140,238
140,251
140,272
140,273
140,287
141,184
141,228
141,229
141,235
141,270
142,147
142,159
142,163
142,164
142,171
142,200
142,208
142,221
142,223
142,255
142,261
142,270
142,273
142,276
142,296
143,177
143,183
143,185
143,189
143,190
143,192
143,195
143,202
143,215
143,218
143,226
143,233
143,238
143,239
143,244
143,257
143,259
143,262
143,264
143,266
143,281
143,283
143,289
143,291
143,295
144,149
144,152
144,154
144,157
144,162
144,170
144,177
144,186
144,198
144,210
144,213
144,215
144,220
144,235
144,240
144,242
144,244
144,246
144,248
144,250
144,252
144,257
144,285
144,293
144,294
144,299
145,168
145,179
145,184
145,187
145,205
145,208
145,225
145,247
145,255
145,261
145,273
145,286
145,292
146,156
146,161
146,163
146,176
146,178
146,206
146,224
146,228
146,230
146,233
146,238
146,239
146,245
146,249
146,276
146,286
146,287
146,291
147,158
147,161
147,164
147,165
147,170
147,177
147,182
147,189
147,199
147,205
147,206
147,218
147,223
147,226
147,232
147,234
147,254
147,259
147,261
147,266
147,281
147,284
147,289
147,291
147,295
147,297
148,152
148,153
148,171
148,174
148,185
148,187
148,196
148,202
148,207
148,241
148,253
148,261
148,267
148,269
148,270
148,281
148,282
148,292
148,294
149,151
149,154
149,161
149,176
149,177
149,180
149,181
149,184
149,185
149,186
149,195
149,206
149,210
149,216
149,217
149,219
149,228
149,231
149,234
149,235
149,237
149,239
149,240
149,242
149,244
149,246
149,248
149,252
149,256
149,257
149,258
149,271
149,274
149,278
149,279
149,280
149,281
149,284
149,291
149,294
149,299
150,157
150,165
150,166
150,170
150,177
150,181
150,195
150,204
150,211
150,216
150,217
150,229
150,256
150,257
150,279
150,285
150,293
151,152
151,157
151,172
151,183
151,188
151,190
151,191
151,192
151,198
151,204
151,212
151,217
151,230
151,231
151,234
151,235
151,240
151,242
151,245
151,248
151,250
151,257
151,262
151,276
151,284
151,299
152,154
152,170
152,172
152,173
152,177
152,188
152,191
152,192
152,196
152,198
152,207
152,211
152,217
152,238
152,240
152,242
152,244
152,246
152,248
152,252
152,257
152,271
152,278
152,279
152,294
152,296
152,299
153,158
153,159
153,168
153,170
153,171
153,174
153,183
153,269
153,281
153,286
153,288
153,292
153,294
153,296
154,157
154,172
154,181
154,185
154,210
154,211
154,233
154,242
154,243
154,244
154,246
154,252
154,294
154,299
155,161
155,166
155,167
155,187
155,204
155,205
155,236
155,241
155,251
155,260
155,263
155,281
155,282
156,162
156,172
156,178
156,179
156,210
156,224
156,229
156,230
156,233
156,235
156,237
156,243
156,244
156,249
156,252
156,256
156,263
156,268
156,269
156,287
156,292
157,170
157,171
157,185
157,206
157,211
157,217
157,240
157,244
157,245
157,248
157,249
157,252
157,262
157,271
157,285
158,167
158,170
158,177
158,202
158,203
158,204
158,205
158,210
158,248
158,253
158,260
158,264
158,270
158,272
158,274
159,201
159,203
159,204
159,205
159,225
159,230
159,232
159,233
159,261
159,267
159,270
159,273
159,281
159,286
160,163
160,173
160,176
160,178
160,179
160,184
160,185
160,187
160,191
160,193
160,200
160,201
160,202
160,204
160,218
160,225
160,226
160,236
160,238
160,247
160,259
160,265
160,266
160,267
160,279
160,281
160,286
160,287
160,288
160,291
160,292
161,176
161,181
161,183
161,190
161,205
161,210
161,216
161,220
161,226
161,231
161,234
161,238
161,240
161,242
161,243
161,247
161,248
161,258
161,275
161,279
161,280
161,284
161,297
162,181
162,188
162,196
162,207
162,216
162,237
162,239
162,242
162,244
162,246
162,256
162,280
162,285
162,293
162,294
163,169
163,182
163,189
163,193
163,197
163,201
163,250
163,259
163,266
163,286
163,289
163,290
163,298
164,169
164,175
164,183
164,190
164,203
164,205
164,210
164,212
164,231
164,235
164,241
164,242
164,243
164,251
164,259
164,265
164,267
164,270
164,274
164,279
164,284
164,290
164,291
164,295
164,297
165,166
165,170
165,207
165,211
165,216
165,229
165,231
165,235
165,243
165,245
165,271
165,285
166,173
166,174
166,178
166,187
166,209
166,221
166,229
166,230
166,233
166,247
166,296
167,187
167,247
167,260
167,270
167,273
167,282
167,288
167,298
168,173
168,184
168,211
168,221
168,222
168,244
168,266
168,269
168,270
168,271
168,276
168,286
169,174
169,182
169,197
169,208
169,209
169,221
169,228
169,234
169,264
169,274
169,288
169,292
170,171
170,177
170,181
170,192
170,194
170,195
170,206
170,210
170,211
170,215
170,216
170,217
170,237
170,252
170,254
170,256
170,262
170,279
170,285
170,299
171,178
171,181
171,192
171,198
171,215
171,216
171,217
171,228
171,229
171,230
171,252
171,255
171,256
171,283
171,296
172,173
172,186
172,211
172,220
172,234
172,237
172,244
172,254
172,257
172,278
172,279
172,284
172,293
173,222
173,224
173,229
173,247
173,296
174,176
174,179
174,183
174,184
174,187
174,202
174,205
174,208
174,214
174,241
174,244
174,261
174,272
174,273
174,281
174,286
174,292
175,183
175,185
175,193
175,202
175,205
175,225
175,236
175,241
175,254
175,259
175,264
175,268
175,274
175,281
175,288
175,289
175,290
175,297
176,177
176,181
176,182
176,183
176,185
176,186
176,198
176,204
176,219
176,220
176,232
176,234
176,238
176,240
176,242
176,243
176,248
176,254
176,256
176,261
176,264
176,275
176,279
176,280
176,284
176,291
176,297
177,185
177,190
177,199
177,201
177,202
177,204
177,217
177,240
177,243
177,246
177,249
177,262
177,268
177,271
177,283
177,284
177,289
178,179
178,181
178,184
178,185
178,191
178,198
178,201
178,207
178,211
178,223
178,228
178,230
178,231
178,242
178,245
178,256
178,262
178,271
178,278
178,291
178,292
178,299
179,184
179,187
179,191
179,202
179,208
179,212
179,221
179,222
179,228
179,229
179,247
179,256
179,261
179,267
179,269
179,273
179,282
179,286
179,288
179,292
180,186
180,201
180,210
180,211
180,217
180,231
180,237
180,242
180,245
180,246
180,248
180,269
180,271
181,185
181,186
181,192
181,194
181,195
181,199
181,216
181,219
181,220
181,231
181,232
181,235
181,237
181,240
181,242
181,243
181,248
181,271
181,276
181,278
181,279
181,284
181,285
181,291
181,293
182,189
182,197
182,203
182,226
182,234
182,250
182,274
182,284
182,288
182,295
183,190
183,202
183,205
183,226
183,234
183,236
183,237
183,240
183,241
183,242
183,244
183,248
183,259
183,260
183,274
183,283
183,297
184,187
184,191
184,200
184,210
184,222
184,225
184,247
184,252
184,259
184,261
184,267
184,273
184,286
184,288
185,189
185,192
185,203
185,205
185,212
185,219
185,220
185,234
185,235
185,237
185,243
185,244
185,256
185,262
185,268
185,275
185,284
185,286
185,291
186,192
186,197
186,206
186,207
186,210
186,216
186,228
186,232
186,234
186,235
186,237
186,239
186,243
186,244
186,245
186,248
186,257
186,281
186,289
186,291
187,201
187,205
187,214
187,236
187,247
187,253
187,261
187,263
187,267
187,272
187,273
187,281
187,286
187,292
188,196
188,217
188,235
188,240
188,242
188,245
188,248
188,250
188,282
188,285
188,294
188,299
189,190
189,203
189,218
189,225
189,226
189,257
189,259
189,291
190,201
190,204
190,206
190,210
190,212
190,218
190,220
190,233
190,238
190,241
190,242
190,257
190,260
190,265
190,275
190,279
190,283
190,297
191,198
191,201
191,210
191,212
191,242
191,247
191,252
191,257
191,261
191,269
191,271
191,275
191,277
191,287
191,291
191,296
192,195
192,199
192,210
192,211
192,215
192,216
192,217
192,219
192,232
192,240
192,242
192,248
192,250
192,252
192,256
192,257
192,271
192,279
193,238
193,241
193,257
193,258
193,269
193,281
193,297
193,298
194,195
194,210
194,216
194,217
194,220
194,235
194,237
194,238
194,242
194,244
194,248
194,252
194,256
194,259
194,284
194,286
194,290
194,291
195,207
195,210
195,215
195,216
195,219
195,220
195,221
195,231
195,232
195,234
195,237
195,242
195,246
195,248
195,252
195,271
195,277
195,279
195,294
196,198
196,204
196,207
196,212
196,246
196,253
196,269
196,270
196,277
196,283
196,289
196,294
197,221
197,240
197,244
197,250
197,264
197,275
197,289
197,297
197,298
198,202
198,207
198,210
198,228
198,230
198,235
198,242
198,244
198,246
198,250
198,254
198,256
198,257
198,262
198,271
198,275
198,293
198,294
198,299
199,201
199,210
199,212
199,220
199,227
199,236
199,257
199,259
199,262
199,265
199,266
199,276
199,278
199,283
199,289
200,218
200,245
200,249
200,255
200,287
200,296
201,212
201,220
201,225
201,236
201,239
201,243
201,259
201,262
201,266
201,268
201,271
201,275
201,278
201,281
201,286
201,287
201,288
201,289
201,291
201,292
202,225
202,241
202,247
202,259
202,261
202,274
202,281
202,282
202,283
202,286
202,288
202,290
203,212
203,226
203,234
203,259
203,260
203,275
203,281
203,283
203,290
203,291
203,297
204,225
204,238
204,241
204,253
204,255
204,261
204,265
204,269
204,286
204,287
205,218
205,226
205,234
205,241
205,247
205,251
205,260
205,264
205,265
205,267
205,270
205,281
205,292
205,295
206,228
206,232
206,235
206,237
206,244
206,245
206,246
206,250
206,256
206,266
206,283
206,285
207,211
207,215
207,216
207,220
207,234
207,237
207,240
207,244
207,245
207,275
207,282
207,294
208,224
208,230
208,240
208,247
208,259
208,272
208,273
208,276
208,286
208,292
208,296
209,221
209,224
209,229
209,236
209,258
209,269
210,215
210,216
210,217
210,220
210,228
210,235
210,237
210,242
210,246
210,248
210,252
210,256
210,262
210,278
210,291
211,213
211,215
211,219
211,226
211,229
211,237
211,240
211,242
211,244
211,245
211,248
211,252
211,256
211,257
211,271
211,275
211,276
211,278
211,291
211,294
212,218
212,227
212,233
212,234
212,241
212,246
212,257
212,260
212,265
212,268
212,270
212,276
212,281
212,286
212,287
212,288
212,290
212,292
212,295
213,215
213,242
213,249
213,252
213,268
213,280
213,294
214,222
214,236
214,255
214,265
214,266
214,272
214,292
215,216
215,217
215,229
215,237
215,246
215,256
215,271
216,220
216,237
216,244
216,248
216,256
216,276
216,277
216,279
216,285
216,299
217,219
217,231
217,234
217,235
217,237
217,242
217,246
217,248
217,250
217,252
217,254
217,256
217,257
217,279
217,299
218,223
218,226
218,229
218,230
218,234
218,238
218,241
218,247
218,251
218,254
218,260
218,261
218,265
218,266
218,267
218,286
218,287
218,292
218,295
219,231
219,234
219,235
219,239
219,242
219,248
219,256
219,278
219,279
219,281
219,283
219,284
219,291
219,294
219,299
220,225
220,233
220,234
220,237
220,238
220,240
220,243
220,252
220,256
220,262
220,268
220,271
220,275
220,279
220,283
220,284
220,293
221,222
221,223
221,229
221,246
221,277
221,285
222,225
222,229
222,250
222,253
222,266
222,269
222,276
222,286
223,229
223,232
223,251
223,271
223,295
223,296
224,241
224,265
224,266
224,267
224,268
224,269
224,272
224,290
224,292
225,233
225,239
225,259
225,261
225,262
225,266
225,268
225,272
225,275
225,281
225,289
226,233
226,234
226,243
226,257
226,280
226,284
226,291
226,297
227,228
227,236
227,261
227,265
227,270
227,273
227,283
227,286
227,295
227,297
228,230
228,231
228,235
228,239
228,245
228,248
228,249
228,256
228,278
229,230
229,231
229,245
229,256
229,269
229,276
229,278
229,295
229,296
230,251
230,253
230,256
230,269
230,271
230,294
230,299
231,232
231,234
231,235
231,237
231,245
231,249
231,250
231,254
231,285
232,237
232,243
232,254
232,256
232,271
232,285
232,291
233,238
233,239
233,243
233,246
233,259
233,265
233,270
233,275
233,276
233,280
233,281
233,286
233,289
234,237
234,257
234,265
234,271
234,275
234,280
234,283
234,286
234,289
234,290
234,299
235,237
235,242
235,243
235,244
235,245
235,246
235,248
235,256
235,262
235,264
235,271
235,272
235,274
235,284
235,285
235,291
235,293
235,297
236,259
236,265
236,266
236,273
236,274
236,281
236,288
237,240
237,244
237,245
237,246
237,248
237,249
237,252
237,254
237,256
237,258
237,268
237,271
237,277
237,284
237,294
237,299
238,240
238,241
238,257
238,259
238,262
238,268
238,279
238,284
238,287
239,244
239,246
239,249
239,262
239,268
239,271
239,275
239,280
239,281
239,291
239,294
240,242
240,257
240,268
240,271
240,283
240,285
240,291
240,294
240,297
241,247
241,259
241,260
241,268
241,269
241,283
241,286
241,297
242,243
242,244
242,246
242,248
242,252
242,257
242,258
242,271
242,275
242,279
242,285
242,291
242,294
242,299
243,257
243,258
243,275
243,277
243,287
243,291
243,299
244,246
244,249
244,252
244,256
244,258
244,268
244,271
244,280
244,284
244,289
244,294
244,296
245,252
245,262
245,264
245,268
245,274
245,291
245,296
246,249
246,256
246,258
246,279
246,284
247,255
247,261
247,286
247,292
248,252
248,256
249,250
249,271
249,283
249,285
249,293
250,274
250,294
251,266
251,267
251,268
251,273
251,286
251,295
251,296
251,297
252,256
252,257
252,262
252,268
252,271
253,261
253,267
253,269
253,272
253,278
253,282
254,279
254,284
256,284
256,299
257,259
257,262
257,266
257,271
257,275
257,283
257,284
257,287
257,289
257,291
258,277
258,284
259,264
259,265
259,266
259,281
259,286
259,290
259,291
260,265
260,283
261,264
261,267
261,270
261,282
261,286
261,288
261,295
262,265
262,268
262,283
262,284
262,291
263,265
263,276
264,270
264,279
264,288
264,297
265,266
265,268
265,272
265,286
265,290
266,269
266,276
266,286
266,289
266,290
266,291
267,269
267,270
267,282
267,286
267,288
268,271
268,281
268,287
268,291
269,270
269,276
269,282
269,292
270,272
270,273
270,286
270,288
270,292
270,295
271,277
271,280
271,291
271,294
271,299
272,292
272,295
273,296
274,283
274,288
275,276
275,279
275,280
275,291
275,294
276,280
276,287
276,288
277,282
278,292
279,284
279,291
280,289
280,294
281,282
281,284
281,286
281,287
281,291
282,286
282,288
283,289
283,295
283,297
284,291
285,293
285,297
286,288
286,289
286,292
286,295
287,291
288,295
289,298
290,291
291,297
292,295
294,299
295,297
